SALE TYPE,SOLD DATE,PROPERTY TYPE,ADDRESS,CITY,STATE OR PROVINCE,ZIP OR POSTAL CODE,PRICE,BEDS,BATHS,LOCATION,SQUARE FEET,LOT SIZE,YEAR BUILT,DAYS ON MARKET,$/SQUARE FEET,HOA/MONTH,STATUS,NEXT OPEN HOUSE START TIME,NEXT OPEN HOUSE END TIME,URL (SEE https://www.redfin.com/buy-a-home/comparative-market-analysis FOR INFO ON PRICING),SOURCE,MLS#,FAVORITE,INTERESTED,LATITUDE,LONGITUDE
MLS Listing,,Single Family Residential,333 Dodge Ave,Evanston,IL,60202,339900,3,2,Evanston,1520,,1958,13,224,,Active,,,https://www.redfin.com/IL/Evanston/333-Dodge-Ave-60202/home/13605059,MRED,11818689,N,Y,42.0242255,-87.6991243
MLS Listing,,Condo/Co-op,2254 Sherman Ave #2,Evanston,IL,60201,199000,2,1,Evanston,900,,1959,20,221,452,Active,,,https://www.redfin.com/IL/Evanston/2254-Sherman-Ave-60201/unit-2/home/13581100,MRED,11831019,N,Y,42.0591306,-87.6822915
MLS Listing,,Single Family Residential,2701 Noyes St,Evanston,IL,60201,1075000,5,3.5,Evanston,3135,5083,2023,1,343,,Active,August-5-2023 11:00 AM,August-5-2023 01:00 PM,https://www.redfin.com/IL/Evanston/2701-Noyes-St-60201/home/13631677,MRED,11850222,N,Y,42.0582391,-87.7109562
MLS Listing,,Townhouse,1507 Wilder St,Evanston,IL,60202,825000,4,2.5,Evanston,3219,1875,2019,1,256,,Active,,,https://www.redfin.com/IL/Evanston/1507-Wilder-St-60202/home/13605707,MRED,11849960,N,Y,42.0405715,-87.6932253
MLS Listing,,Single Family Residential,9409 Crawford Ave,Evanston,IL,60203,525000,3,1.5,Evanston,1600,7626,1949,1,328,,Active,August-6-2023 02:00 PM,August-6-2023 04:00 PM,https://www.redfin.com/IL/Evanston/9409-Crawford-Ave-60203/home/13627524,MRED,11849554,N,Y,42.0520029,-87.7271507
MLS Listing,,Condo/Co-op,1580 Sherman Ave #502,Evanston,IL,60201,450000,2,2,Evanston,1032,,2002,1,436,721,Active,August-6-2023 11:00 AM,August-6-2023 12:30 PM,https://www.redfin.com/IL/Evanston/1580-Sherman-Ave-60201/unit-502/home/12706883,MRED,11849121,N,Y,42.0464854,-87.6820551
MLS Listing,,Townhouse,2109 Sherman Ave Unit B,Evanston,IL,60201,525000,3,2.5,Evanston,1632,1415,1973,1,322,200,Active,August-5-2023 12:00 PM,August-5-2023 02:00 PM,https://www.redfin.com/IL/Evanston/2109-Sherman-Ave-60201/unit-B/home/13582023,MRED,11848952,N,Y,42.0560349,-87.6810471
MLS Listing,,Single Family Residential,9435 Central Park Ave,Evanston,IL,60203,1350000,5,4.5,Evanston,3538,7858,1954,1,382,,Active,,,https://www.redfin.com/IL/Evanston/9435-Central-Park-Ave-60203/home/13627490,MRED,11833848,N,Y,42.0528174,-87.717531
MLS Listing,,Single Family Residential,1115 Harvard Ter,Evanston,IL,60202,785000,3,3,Evanston,2000,5160,1922,1,393,,Active,,,https://www.redfin.com/IL/Evanston/1115-Harvard-Ter-60202/home/13574434,MRED,11833817,N,Y,42.0227682,-87.6878125
MLS Listing,,Single Family Residential,125 Hollywood Ct,Wilmette,IL,60091,859500,4,2.5,Wilmette,2128,,1962,3,404,,Active,,,https://www.redfin.com/IL/Wilmette/125-Hollywood-Ct-60091/home/13774746,MRED,11846583,N,Y,42.0696774,-87.7259965
MLS Listing,,Single Family Residential,2327 Thayer St,Evanston,IL,60201,1285000,5,3.5,Evanston,3070,5013,1925,6,419,,Active,,,https://www.redfin.com/IL/Evanston/2327-Thayer-St-60201/home/13773181,MRED,11845782,N,Y,42.0681441,-87.7061579
MLS Listing,,Single Family Residential,2230 Forestview Rd,Evanston,IL,60201,850000,4,1.5,Evanston,2088,5998,1926,6,407,,Active,,,https://www.redfin.com/IL/Evanston/2230-Forestview-Rd-60201/home/13631986,MRED,11845082,N,Y,42.0583487,-87.7147016
MLS Listing,,Condo/Co-op,1791 W Howard St #404,Chicago,IL,60626,195000,2,2,CHI - Rogers Park,1050,,1926,6,186,428,Active,,,https://www.redfin.com/IL/Chicago/1791-W-Howard-St-60626/unit-404/home/26802601,MRED,11845370,N,Y,42.019204,-87.6759504
MLS Listing,,Townhouse,1909 Grant St,Evanston,IL,60201,315000,2,2,Evanston,1148,,1963,6,274,,Active,August-6-2023 12:00 PM,August-6-2023 02:00 PM,https://www.redfin.com/IL/Evanston/1909-Grant-St-60201/home/13632043,MRED,11845050,N,Y,42.0597469,-87.6992539
MLS Listing,,Single Family Residential,1425 Darrow Ave,Evanston,IL,60201,899000,5,4,Evanston,3500,4200,1904,6,257,,Active,August-5-2023 12:00 PM,August-5-2023 02:00 PM,https://www.redfin.com/IL/Evanston/1425-Darrow-Ave-60201/home/13627860,MRED,11835847,N,Y,42.0437418,-87.6974962
MLS Listing,,Condo/Co-op,532 Sheridan Rd Unit 2A,Evanston,IL,60202,230000,2,1,Evanston,,,1959,7,,356,Active,,,https://www.redfin.com/IL/Evanston/532-Sheridan-Rd-60202/unit-2A/home/180951507,MRED,11843030,N,Y,42.0275943,-87.6710588
MLS Listing,,Condo/Co-op,835 Ridge Ave #407,Evanston,IL,60202,299999,3,2.5,Evanston,1525,,1966,7,197,638,Active,,,https://www.redfin.com/IL/Evanston/835-Ridge-Ave-60202/unit-407/home/185382810,MRED,11844307,N,Y,42.0333828,-87.6862393
MLS Listing,,Single Family Residential,1018 Florence Ave,Evanston,IL,60202,340000,2,1,Evanston,820,4225,1894,7,415,,Active,,,https://www.redfin.com/IL/Evanston/1018-Florence-Ave-60202/home/13606580,MRED,11843455,N,Y,42.0365118,-87.6947929
MLS Listing,,Condo/Co-op,250 Ridge Ave Unit 1K,Evanston,IL,60202,350000,3,2,Evanston,1500,,1964,8,233,501,Active,,,https://www.redfin.com/IL/Evanston/250-Ridge-Ave-60202/unit-1K/home/13574696,MRED,11838992,N,Y,42.0228365,-87.6854691
MLS Listing,,Condo/Co-op,1720 Maple Ave #2710,Evanston,IL,60201,1999999,3,3.5,Evanston,3608,,2002,9,554,3904,Active,,,https://www.redfin.com/IL/Evanston/1720-Maple-Ave-60201/unit-2710/home/12670176,MRED,11842378,N,Y,42.0496024,-87.685239
MLS Listing,,Condo/Co-op,1567 Ridge Ave #403,Evanston,IL,60201,160000,1,1,Ridgeview Tower,,,1966,9,,478,Active,,,https://www.redfin.com/IL/Evanston/1567-Ridge-Ave-60201/unit-403/home/13579586,MRED,11835048,N,Y,42.0462955,-87.6883952
MLS Listing,,Single Family Residential,1617 Brummel St,Evanston,IL,60202,540000,2,1.5,Evanston,1614,4791,1952,10,335,,Active,,,https://www.redfin.com/IL/Evanston/1617-Brummel-St-60202/home/13604505,MRED,11841375,N,Y,42.0216457,-87.6957907
MLS Listing,,Condo/Co-op,1800 Ridge Ave #105,Evanston,IL,60201,585000,2,2,Evanston,1400,,1946,10,418,385,Active,,,https://www.redfin.com/IL/Evanston/1800-Ridge-Ave-60201/unit-105/home/39560323,MRED,11841260,N,Y,42.0505729,-87.6886706
MLS Listing,,Condo/Co-op,803 Elmwood Ave Unit 1S,Evanston,IL,60202,185000,1,1,Washington Manor,1100,,1928,10,168,302,Active,,,https://www.redfin.com/IL/Evanston/803-Elmwood-Ave-60202/unit-1S/home/13578244,MRED,11837992,N,Y,42.0323563,-87.6839756
MLS Listing,,Single Family Residential,2404 Cowper Ave,Evanston,IL,60201,535000,4,2,Evanston,1520,3125,1926,10,352,,Active,,,https://www.redfin.com/IL/Evanston/2404-Cowper-Ave-60201/home/13633835,MRED,11840534,N,Y,42.0607436,-87.7246479
MLS Listing,,Single Family Residential,2030 Harrison St,Evanston,IL,60201,1895000,7,5,Evanston,5200,7501,2023,12,364,,Active,,,https://www.redfin.com/IL/Evanston/2030-Harrison-St-60201/home/13631102,MRED,11839953,N,Y,42.0630916,-87.701481
MLS Listing,,Single Family Residential,1825 Grey Ave,Evanston,IL,60201,399000,4,1.5,Evanston,1064,,1970,13,375,,Active,,,https://www.redfin.com/IL/Evanston/1825-Grey-Ave-60201/home/13629668,MRED,11838753,N,Y,42.0511141,-87.7021005
MLS Listing,,Single Family Residential,231 Richmond St,Evanston,IL,60202,269900,3,2,Evanston,2000,3927,1953,13,135,,Active,,,https://www.redfin.com/IL/Evanston/231-Richmond-St-60202/home/12574425,MRED,11839025,N,Y,42.0221722,-87.7027614
MLS Listing,,Condo/Co-op,2033 Sherman Ave #304,Evanston,IL,60201,376000,2,2,Evanston,1400,,1969,13,269,421,Active,,,https://www.redfin.com/IL/Evanston/2033-Sherman-Ave-60201/unit-304/home/13581279,MRED,11838885,N,Y,42.0550357,-87.6811314
MLS Listing,,Single Family Residential,1406 Dobson St,Evanston,IL,60202,459900,4,2,Evanston,2460,4125,1954,13,187,,Active,,,https://www.redfin.com/IL/Evanston/1406-Dobson-St-60202/home/13604404,MRED,11838807,N,Y,42.0201564,-87.692198
MLS Listing,,Single Family Residential,2119 Payne St,Evanston,IL,60201,575000,3,1.5,Evanston,1969,2754,1928,14,292,,Active,,,https://www.redfin.com/IL/Evanston/2119-Payne-St-60201/home/13630579,MRED,11833990,N,Y,42.0570307,-87.7030263
MLS Listing,,Single Family Residential,3217 Grant St,Evanston,IL,60201,469000,3,1,Evanston,2000,4125,1953,15,235,,Active,,,https://www.redfin.com/IL/Evanston/3217-Grant-St-60201/home/13632960,MRED,11837270,N,Y,42.0590349,-87.7240964
MLS Listing,,Single Family Residential,1417 Lyons St,Evanston,IL,60201,825000,4,3,Evanston,2000,5800,1962,15,413,,Active,August-5-2023 12:00 PM,August-5-2023 02:00 PM,https://www.redfin.com/IL/Evanston/1417-Lyons-St-60201/home/13629577,MRED,11836527,N,Y,42.0505353,-87.6929082
MLS Listing,,Single Family Residential,1615 Ashland Ave,Evanston,IL,60201,975000,6,2.5,Evanston,4500,11616,1878,16,217,,Active,,,https://www.redfin.com/IL/Evanston/1615-Ashland-Ave-60201/home/13629047,MRED,11832596,N,Y,42.0477161,-87.6932995
MLS Listing,,Single Family Residential,2324 Lee St,Evanston,IL,60202,415000,4,2,Evanston,1302,5580,1954,16,319,,Active,,,https://www.redfin.com/IL/Evanston/2324-Lee-St-60202/home/13605549,MRED,11834005,N,Y,42.035315,-87.7066886
MLS Listing,,Single Family Residential,1915 Foster St,Evanston,IL,60201,419000,4,2,Evanston,,4125,1927,16,,,Active,August-6-2023 12:00 PM,August-6-2023 02:00 PM,https://www.redfin.com/IL/Evanston/1915-Foster-St-60201/home/13629972,MRED,11835066,N,Y,42.0539881,-87.6996522
MLS Listing,,Multi-Family (2-4 Unit),1023 Florence Ave,Evanston,IL,60202,785000,8,3,Evanston,,8712,1902,17,,,Active,,,https://www.redfin.com/IL/Evanston/1023-Florence-Ave-60202/home/182666678,MRED,11834764,N,Y,42.0367193,-87.6942621
MLS Listing,,Condo/Co-op,2715 Central St Unit 3S,Evanston,IL,60201,159400,2,1,Evanston,,55068,1946,17,,615,Active,,,https://www.redfin.com/IL/Evanston/2715-Central-St-60201/unit-3S/home/25688163,MRED,11834652,N,Y,42.0648434,-87.7114541
MLS Listing,,Condo/Co-op,1236 Chicago Ave #305,Evanston,IL,60202,349000,2,2,Chicago Avenue Place,,,2003,17,,726,Active,,,https://www.redfin.com/IL/Evanston/1236-Chicago-Ave-60202/unit-305/home/12685058,MRED,11834225,N,Y,42.0405123,-87.6810171
MLS Listing,,Condo/Co-op,1567 Ridge Ave #206,Evanston,IL,60201,139900,1,1.5,Evanston,800,,1969,17,175,492,Active,,,https://www.redfin.com/IL/Evanston/1567-Ridge-Ave-60201/unit-206/home/13580195,MRED,11818250,N,Y,42.0462955,-87.6883952
MLS Listing,,Vacant Land,3233 Central St,Evanston,IL,60201,1500000,,,Evanston,,27007,,17,,,Active,,,https://www.redfin.com/IL/Evanston/3233-Central-St-60201/home/144509129,MRED,11833700,N,Y,42.0647955,-87.7243227
MLS Listing,,Single Family Residential,9545 Hamlin Ave,Evanston,IL,60203,889000,4,2.5,Evanston,3934,9450,1942,19,226,,Active,,,https://www.redfin.com/IL/Evanston/9545-Hamlin-Ave-60203/home/13628375,MRED,11833001,N,Y,42.0549025,-87.7223219
MLS Listing,,Condo/Co-op,850 Hinman Ave #2,Evanston,IL,60202,179000,1,1,Evanston,,15100,1918,19,,257,Active,,,https://www.redfin.com/IL/Evanston/850-Hinman-Ave-60202/unit-2/home/13576649,MRED,11832861,N,Y,42.033551,-87.678176
MLS Listing,,Condo/Co-op,800 Elgin Rd #621,Evanston,IL,60201,385000,2,2,Optima Horizons,1260,,2004,20,306,919,Active,,,https://www.redfin.com/IL/Evanston/800-Elgin-Rd-60201/unit-621/home/12654918,MRED,11818352,N,Y,42.050618,-87.6828445
MLS Listing,,Condo/Co-op,1101 Grove St Unit 7A,Evanston,IL,60201,299000,2,2,Evanston,1250,,1964,20,239,411,Active,,,https://www.redfin.com/IL/Evanston/1101-Grove-St-60201/unit-7A/home/13579589,MRED,11831770,N,Y,42.0458781,-87.687182
MLS Listing,,Single Family Residential,1719 Leland Ave,Evanston,IL,60201,449000,3,2,Evanston,1100,3403,1947,21,408,,Active,,,https://www.redfin.com/IL/Evanston/1719-Leland-Ave-60201/home/13629175,MRED,11831268,N,Y,42.048994,-87.7069662
MLS Listing,,Single Family Residential,3521 Central St,Evanston,IL,60201,539000,3,1.5,Evanston,1687,5009,1955,21,320,,Active,August-5-2023 12:00 PM,August-5-2023 01:00 PM,https://www.redfin.com/IL/Evanston/3521-Central-St-60201/home/13775523,MRED,11831105,N,Y,42.0649543,-87.7298626
MLS Listing,,Single Family Residential,1325 Judson Ave,Evanston,IL,60201,1225000,5,4,Evanston,2032,4500,1872,21,603,,Active,,,https://www.redfin.com/IL/Evanston/1325-Judson-Ave-60201/home/13580834,MRED,11831007,N,Y,42.0420894,-87.6765531
MLS Listing,,Condo/Co-op,1720 Maple Ave #1170,Evanston,IL,60201,318000,1,1,Evanston,,,2003,21,,379,Active,,,https://www.redfin.com/IL/Evanston/1720-Maple-Ave-60201/unit-1170/home/12684854,MRED,11830292,N,Y,42.0496024,-87.685239
MLS Listing,,Condo/Co-op,1516 Hinman Ave #403,Evanston,IL,60201,285000,2,2,Evanston,1100,,1963,22,259,598,Active,August-6-2023 01:00 AM,August-6-2023 03:00 PM,https://www.redfin.com/IL/Evanston/1516-Hinman-Ave-60201/unit-403/home/13579809,MRED,11829014,N,Y,42.045382,-87.6787251
MLS Listing,,Multi-Family (2-4 Unit),2770 Prairie Ave,Evanston,IL,60201,1150000,6,4,Evanston,,,1920,23,,,Active,,,https://www.redfin.com/IL/Evanston/2770-Prairie-Ave-60201/home/167411763,MRED,11783451,N,Y,42.0683255,-87.7045989
MLS Listing,,Vacant Land,2633 Crawford Ave,Evanston,IL,60201,279900,,,Evanston,,5662,,24,,,Active,,,https://www.redfin.com/IL/Evanston/2633-Crawford-Ave-60201/home/186062829,MRED,11827887,N,Y,42.0654213,-87.7277362
MLS Listing,,Single Family Residential,3233 Grant St,Evanston,IL,60201,550000,3,2,Evanston,1406,5000,1953,24,391,,Active,,,https://www.redfin.com/IL/Evanston/3233-Grant-St-60201/home/13632799,MRED,11826920,N,Y,42.0590489,-87.7247471
MLS Listing,,Single Family Residential,1400 Dobson St,Evanston,IL,60202,429500,5,2,Evanston,1280,4125,1953,26,336,,Active,,,https://www.redfin.com/IL/Evanston/1400-Dobson-St-60202/home/13603693,MRED,11826202,N,Y,42.0201555,-87.6919756
MLS Listing,,Single Family Residential,1628 South Blvd,Evanston,IL,60202,399000,4,2,Evanston,1800,4443,1955,28,222,,Active,,,https://www.redfin.com/IL/Evanston/1628-South-Blvd-60202/home/13603671,MRED,11825089,N,Y,42.0272663,-87.6962455
MLS Listing,,Condo/Co-op,1585 Ridge Ave #501,Evanston,IL,60201,185000,2,1,Evanston,1100,,1949,28,168,646,Active,,,https://www.redfin.com/IL/Evanston/1585-Ridge-Ave-60201/unit-501/home/186027212,MRED,11824572,N,Y,42.0467278,-87.6880984
MLS Listing,,Condo/Co-op,624 Sheridan Sq #2,Evanston,IL,60202,580000,3,2,Evanston,,,1923,28,,953,Active,,,https://www.redfin.com/IL/Evanston/624-Sheridan-Sq-60202/unit-2/home/13575430,MRED,11824389,N,Y,42.0291754,-87.6692621
MLS Listing,,Condo/Co-op,1508 Hinman Ave Unit 7D,Evanston,IL,60201,365000,3,2,Evanston,1815,,1952,29,201,1980,Active,,,https://www.redfin.com/IL/Evanston/1508-Hinman-Ave-60201/unit-7D/home/18805102,MRED,11823260,N,Y,42.045088,-87.6788777
MLS Listing,,Single Family Residential,2102 Darrow Ave,Evanston,IL,60201,599900,3,2,Evanston,1752,8712,1908,29,342,,Active,,,https://www.redfin.com/IL/Evanston/2102-Darrow-Ave-60201/home/13628974,MRED,11823105,N,Y,42.0558409,-87.6976117
MLS Listing,,Townhouse,1500 Darrow Ave Unit D,Evanston,IL,60201,180000,1,1,Evanston,600,900,1963,34,300,,Active,,,https://www.redfin.com/IL/Evanston/1500-Darrow-Ave-60201/unit-D/home/12609732,MRED,11820940,N,Y,42.0448414,-87.6981451
MLS Listing,,Condo/Co-op,680 Hinman Ave Unit 3G,Evanston,IL,60202,319000,2,2,Evanston,1433,,1920,35,223,464,Active,,,https://www.redfin.com/IL/Evanston/680-Hinman-Ave-60202/unit-3G/home/13577566,MRED,11820101,N,Y,42.0301972,-87.6775705
MLS Listing,,Multi-Family (2-4 Unit),2116 Emerson St,Evanston,IL,60201,350000,6,2,Evanston,,3049,1919,35,,,Active,,,https://www.redfin.com/IL/Evanston/2116-Emerson-St-60201/home/13630031,MRED,11819540,N,Y,42.0518151,-87.7028375
MLS Listing,,Condo/Co-op,835 Ridge Ave #301,Evanston,IL,60202,259900,2,2,Ridge Terrace,1069,,1966,36,243,505,Active,,,https://www.redfin.com/IL/Evanston/835-Ridge-Ave-60202/unit-301/home/183380735,MRED,11819139,N,Y,42.0333828,-87.6862393
MLS Listing,,Condo/Co-op,1720 Maple Ave #2220,Evanston,IL,60201,505000,2,2,Evanston,1323,,2000,36,382,781,Active,,,https://www.redfin.com/IL/Evanston/1720-Maple-Ave-60201/unit-2220/home/12685166,MRED,11818709,N,Y,42.0496024,-87.685239
MLS Listing,,Townhouse,1017 Brown Ave #201,Evanston,IL,60202,275000,2,1.5,Evanston,1615,,1958,37,170,175,Active,,,https://www.redfin.com/IL/Evanston/1017-Brown-Ave-60202/unit-201/home/13605551,MRED,11794991,N,Y,42.0363119,-87.7002546
MLS Listing,,Condo/Co-op,1236 Chicago Ave #601,Evanston,IL,60202,300000,2,1,Evanston,1076,,2002,38,279,566,Active,,,https://www.redfin.com/IL/Evanston/1236-Chicago-Ave-60202/unit-601/home/12685556,MRED,11812703,N,Y,42.0405123,-87.6810171
MLS Listing,,Condo/Co-op,1101 Grove St Unit 7B,Evanston,IL,60201,218000,2,1,Evanston,,,1964,41,,326,Active,,,https://www.redfin.com/IL/Evanston/1101-Grove-St-60201/unit-7B/home/13579588,MRED,11816144,N,Y,42.0458781,-87.687182
MLS Listing,,Single Family Residential,1315 Main St,Evanston,IL,60202,799000,5,2,Evanston,3245,8600,1923,41,246,,Active,,,https://www.redfin.com/IL/Evanston/1315-Main-St-60202/home/185881085,MRED,11804747,N,Y,42.034282,-87.6907563
MLS Listing,,Condo/Co-op,1720 Maple Ave #2551,Evanston,IL,60201,1050000,3,2.5,Evanston,2100,,2003,42,500,1392,Active,,,https://www.redfin.com/IL/Evanston/1720-Maple-Ave-60201/unit-2551/home/183996035,MRED,11814872,N,Y,42.049392,-87.685327
MLS Listing,,Single Family Residential,2611 Park Pl,Evanston,IL,60201,1650000,6,6.5,Evanston,5582,7050,2004,42,296,,Active,,,https://www.redfin.com/IL/Evanston/2611-Park-Pl-60201/home/13772720,MRED,11797120,N,Y,42.0670546,-87.709722
MLS Listing,,Single Family Residential,1012 Lake Shore Blvd,Evanston,IL,60202,3000000,8,5,Evanston,7326,22499,1894,42,410,,Active,,,https://www.redfin.com/IL/Evanston/1012-Lake-Shore-Blvd-60202/home/13579331,MRED,11814282,N,Y,42.0361162,-87.6710198
MLS Listing,,Single Family Residential,2444 Hartrey Ave,Evanston,IL,60201,840000,3,2,Evanston,2175,5662,1908,45,386,,Active,,,https://www.redfin.com/IL/Evanston/2444-Hartrey-Ave-60201/home/13630829,MRED,11811577,N,Y,42.0625114,-87.7036726
MLS Listing,,Single Family Residential,1901 Emerson St,Evanston,IL,60201,285000,3,2.5,Evanston,1035,3402,1925,46,275,,Active,,,https://www.redfin.com/IL/Evanston/1901-Emerson-St-60201/home/13629828,MRED,11810330,N,Y,42.0522882,-87.699098
MLS Listing,,Single Family Residential,919 Edgemere Ct,Evanston,IL,60202,2995000,6,4,Evanston,5550,19040,1911,47,540,,Active,,,https://www.redfin.com/IL/Evanston/919-Edgemere-Ct-60202/home/13576440,MRED,11810994,N,Y,42.0346332,-87.6703264
MLS Listing,,Multi-Family (2-4 Unit),1511 Greenleaf St,Evanston,IL,60202,450000,5,3,Evanston,,6250,1909,49,,,Active,,,https://www.redfin.com/IL/Evanston/1511-Greenleaf-St-60202/home/13605478,MRED,11802903,N,Y,42.0377987,-87.6936333
MLS Listing,,Condo/Co-op,1572 Maple Ave #304,Evanston,IL,60201,645000,3,2.5,Evanston,1737,,2001,49,371,575,Active,,,https://www.redfin.com/IL/Evanston/1572-Maple-Ave-60201/unit-304/home/12654677,MRED,11804604,N,Y,42.0464731,-87.6855107
MLS Listing,,Condo/Co-op,1570 Elmwood Ave #1011,Evanston,IL,60201,550000,2,2,One Evanston,1349,,2009,50,408,830,Active,,,https://www.redfin.com/IL/Evanston/1570-Elmwood-Ave-60201/unit-1011/home/40374067,MRED,11808359,N,Y,42.0463172,-87.6841335
MLS Listing,,Condo/Co-op,1856 Sherman Ave Unit 6SW,Evanston,IL,60201,95000,2,1,Evanston,1000,,1947,52,95,1202,Active,August-6-2023 01:00 PM,August-6-2023 03:00 PM,https://www.redfin.com/IL/Evanston/1856-Sherman-Ave-60201/unit-6SW/home/185741351,MRED,11806406,N,Y,42.0517306,-87.682043
MLS Listing,,Multi-Family (2-4 Unit),1213 Darrow Ave,Evanston,IL,60202,430000,4,2,Evanston,,4791,1892,55,,,Active,,,https://www.redfin.com/IL/Evanston/1213-Darrow-Ave-60202/home/13605658,MRED,11804457,N,Y,42.0398398,-87.6973015
MLS Listing,,Single Family Residential,1221 Lee St,Evanston,IL,60202,1470000,6,4.5,Evanston,4485,10106,1904,55,328,,Active,,,https://www.redfin.com/IL/Evanston/1221-Lee-St-60202/home/185699453,MRED,11801920,N,Y,42.0361242,-87.6896552
MLS Listing,,Condo/Co-op,820 Seward St Unit 3E,Evanston,IL,60202,129000,1,1,Evanston,,,1963,56,,352,Active,,,https://www.redfin.com/IL/Evanston/820-Seward-St-60202/unit-3E/home/12746091,MRED,11802679,N,Y,42.028497,-87.6833297
MLS Listing,,Single Family Residential,1625 Oakton St,Evanston,IL,60202,299000,2,1,Evanston,816,5928,1950,58,366,,Active,,,https://www.redfin.com/IL/Evanston/1625-Oakton-St-60202/home/13604194,MRED,11800829,N,Y,42.0268947,-87.6959562
MLS Listing,,Single Family Residential,1030 Ashland Ave,Evanston,IL,60202,670000,4,3,Evanston,1900,3963,1897,59,353,,Active,,,https://www.redfin.com/IL/Evanston/1030-Ashland-Ave-60202/home/13606346,MRED,11799727,N,Y,42.0369469,-87.693337
MLS Listing,,Single Family Residential,2944 Grant St,Evanston,IL,60201,2249000,5,5,Evanston,5174,23958,1930,63,435,,Active,,,https://www.redfin.com/IL/Evanston/2944-Grant-St-60201/home/13631502,MRED,11786913,N,Y,42.058676,-87.7167613
MLS Listing,,Vacant Land,1917 Greenwood St,Evanston,IL,60201,2250000,,,Evanston,,163350,,71,,,Active,,,https://www.redfin.com/IL/Evanston/1917-Greenwood-St-60201/home/185514291,MRED,11791307,N,Y,42.0434023,-87.6998569
MLS Listing,,Condo/Co-op,1720 Maple Ave #1770,Evanston,IL,60201,320000,1,1,Evanston,687,,2003,75,466,420,Active,,,https://www.redfin.com/IL/Evanston/1720-Maple-Ave-60201/unit-1770/home/12685563,MRED,11788338,N,Y,42.0496024,-87.685239
MLS Listing,,Single Family Residential,1220 Ridge Ave,Evanston,IL,60202,1445000,6,3.5,Evanston,5500,29185,1903,77,263,,Active,,,https://www.redfin.com/IL/Evanston/1220-Ridge-Ave-60202/home/13580593,MRED,11781987,N,Y,42.0402599,-87.6886596
MLS Listing,,Single Family Residential,9928 N Crawford Ave,Skokie,IL,60076,389000,3,2.5,Skokie,1600,4429,1960,79,243,,Active,,,https://www.redfin.com/IL/Skokie/9928-Crawford-Ave-60076/home/13632784,MRED,11784447,N,Y,42.0615394,-87.7277566
MLS Listing,,Condo/Co-op,1856 Sherman Ave Unit 7SW,Evanston,IL,60201,88000,2,1,Evanston,1000,,,80,88,1202,Active,,,https://www.redfin.com/IL/Evanston/1856-Sherman-Ave-60201/unit-7SW/home/185425567,MRED,11767779,N,Y,42.0517306,-87.682043
MLS Listing,,Single Family Residential,225 Hamilton St,Evanston,IL,60202,2150000,6,5,Evanston,5416,14636,1894,90,397,,Active,,,https://www.redfin.com/IL/Evanston/225-Hamilton-St-60202/home/12554805,MRED,11773880,N,Y,42.0394344,-87.6739736
MLS Listing,,Single Family Residential,701 Sheridan Rd,Evanston,IL,60202,1950000,6,4.5,Evanston,6416,16143,1900,92,304,,Active,,,https://www.redfin.com/IL/Evanston/701-Sheridan-Rd-60202/home/13575435,MRED,11774217,N,Y,42.0302244,-87.6702494
MLS Listing,,Condo/Co-op,1314 Ridge Ave #2,Evanston,IL,60201,1299000,5,4.5,Evanston,4399,,1917,100,295,1179,Active,August-6-2023 12:00 PM,August-6-2023 02:00 PM,https://www.redfin.com/IL/Evanston/1314-Ridge-Ave-60201/unit-2/home/26802394,MRED,11767746,N,Y,42.0417716,-87.6892067
MLS Listing,,Single Family Residential,1583 Dewey Ave,Evanston,IL,60201,679000,5,3,Evanston,1738,6969,1916,103,391,,Active,,,https://www.redfin.com/IL/Evanston/1583-Dewey-Ave-60201/home/179804966,MRED,11765610,N,Y,42.0468448,-87.6961102
MLS Listing,,Condo/Co-op,2619 Central St Unit 2S,Evanston,IL,60201,135000,2,1,Evanston,875,,1948,125,154,511,Active,,,https://www.redfin.com/IL/Evanston/2619-Central-St-60201/unit-2S/home/184903863,MRED,11748958,N,Y,42.064633,-87.7102108
MLS Listing,,Vacant Land,1613 Brummel St,Evanston,IL,60202,210000,,,Evanston,,4791,,127,,,Active,,,https://www.redfin.com/IL/Evanston/1613-Brummel-St-60202/home/22633759,MRED,11747625,N,Y,42.021692,-87.6956359
MLS Listing,,Multi-Family (2-4 Unit),2022 Colfax St,Evanston,IL,60201,750000,6,2,Evanston,,3484,1914,134,,,Active,,,https://www.redfin.com/IL/Evanston/2022-Colfax-St-60201/home/13631893,MRED,11742571,N,Y,42.0606137,-87.7016427
MLS Listing,,Single Family Residential,1101 Forest Ave,Evanston,IL,60202,3294990,5,6,Evanston,8840,19575,1902,140,373,,Active,August-6-2023 12:00 PM,August-6-2023 02:00 PM,https://www.redfin.com/IL/Evanston/1101-Forest-Ave-60202/home/13578801,MRED,11738978,N,Y,42.0377357,-87.6746408
MLS Listing,,Single Family Residential,17 Canterbury Ct,Wilmette,IL,60091,3100000,6,6.5,Wilmette,11003,17424,1930,150,282,,Active,,,https://www.redfin.com/IL/Wilmette/17-Canterbury-Ct-60091/home/13772904,MRED,11729668,N,Y,42.0718838,-87.6813154
MLS Listing,,Vacant Land,9201 Monticello Ave,Evanston,IL,60203,225000,,,Evanston,,8712,,162,,,Active,,,https://www.redfin.com/IL/Evanston/9201-Monticello-Ave-60203/home/184455607,MRED,11723968,N,Y,42.0483754,-87.7190434
MLS Listing,,Vacant Land,9200 Monticello Ave,Evanston,IL,60203,225000,,,Evanston,,8712,,162,,,Active,,,https://www.redfin.com/IL/Evanston/9200-Monticello-Ave-60203/home/184452966,MRED,11723949,N,Y,42.0483727,-87.7192986
MLS Listing,,Single Family Residential,1574 Asbury Ave,Evanston,IL,60201,685000,4,2.5,Evanston,3200,9500,1864,185,214,495,Active,August-6-2023 01:00 PM,August-6-2023 03:00 PM,https://www.redfin.com/IL/Evanston/1574-Asbury-Ave-60201/home/184056959,MRED,11709590,N,Y,42.0466155,-87.6904502
MLS Listing,,Single Family Residential,1212 Monroe St,Evanston,IL,60202,520000,5,3.5,Evanston,,3750,1921,209,,,Active,,,https://www.redfin.com/IL/Evanston/1212-Monroe-St-60202/home/22915775,MRED,11696864,N,Y,42.030682,-87.6891217
MLS Listing,,Condo/Co-op,425 Grove St Unit 5C,Evanston,IL,60201,625000,4,3,Evanston,2500,,1928,253,250,1523,Active,,,https://www.redfin.com/IL/Evanston/425-Grove-St-60201/unit-5C/home/181793538,MRED,11630607,N,Y,42.0446434,-87.6779148
MLS Listing,,Vacant Land,1821 Lake St,Evanston,IL,60201,350000,,,Evanston,,13068,,258,,,Active,,,https://www.redfin.com/IL/Evanston/1821-Lake-St-60201/home/77445303,MRED,11675879,N,Y,42.0444805,-87.6985909
MLS Listing,,Condo/Co-op,1508 Hinman Ave Unit 4B,Evanston,IL,60201,344900,2,2,Evanston,1600,,1949,293,216,1449,Active,,,https://www.redfin.com/IL/Evanston/1508-Hinman-Ave-60201/unit-4B/home/179809028,MRED,11651979,N,Y,42.045088,-87.6788777
MLS Listing,,Single Family Residential,90 Kedzie St,Evanston,IL,60202,5750000,5,5,Evanston,5865,23870,1904,296,980,,Active,,,https://www.redfin.com/IL/Evanston/90-Kedzie-St-60202/home/13575479,MRED,11649944,N,Y,42.0318279,-87.6692478
MLS Listing,,Vacant Land,1815 Hovland Ct,Evanston,IL,60201,110000,,,Evanston,,4356,,464,,,Active,,,https://www.redfin.com/IL/Evanston/1815-Hovland-Ct-60201/home/146038623,MRED,11385578,N,Y,42.0508,-87.700945
MLS Listing,,Vacant Land,517 University Pl,Evanston,IL,60201,2700000,,,Evanston,,10890,,622,,,Active,,,https://www.redfin.com/IL/Evanston/517-University-Pl-60201/home/173499739,MRED,10915539,N,Y,42.05153,-87.682795
MLS Listing,,Single Family Residential,1107 Cobblefield Rd,Champaign,IL,61822,340000,3,2.5,Turnberry Ridge,2216,8280,2000,2,153,14,Active,,,https://www.redfin.com/IL/Champaign/1107-Cobblefield-Rd-61822/home/126670957,MRED as Distributed by MLS Grid,12163136,N,Y,40.1037548,-88.3096836
MLS Listing,,Vacant Land,1709 Harrington Dr,Champaign,IL,61821,85000,,,"Champaign, Savoy",,28749,,2,,,Active,,,https://www.redfin.com/IL/Champaign/1709-Harrington-Dr-61821/home/126911791,MRED as Distributed by MLS Grid,12163969,N,Y,40.0875775,-88.2760082
MLS Listing,,Single Family Residential,506 Lauterbur Ln,Champaign,IL,61822,179900,2,2,"Champaign, Savoy",1217,5750,2007,2,148,7,Active,,,https://www.redfin.com/IL/Champaign/506-Lauterbur-Ln-61822/home/127067420,MRED as Distributed by MLS Grid,12163559,N,Y,40.1560885,-88.2526836
MLS Listing,,Single Family Residential,2908 Blair Dr,Champaign,IL,61821,184900,3,1.5,"Champaign, Savoy",1438,8800,1959,2,129,,Active,,,https://www.redfin.com/IL/Champaign/2908-Blair-Dr-61821/home/126644682,MRED as Distributed by MLS Grid,12161386,N,Y,40.1111051,-88.2946346
MLS Listing,,Single Family Residential,4703 W Kirby Ave,Champaign,IL,61822,2100000,8,6.5,"Champaign, Savoy",7911,92782,2008,2,265,,Active,,,https://www.redfin.com/IL/Champaign/4703-W-Kirby-Ave-61822/home/127054725,MRED as Distributed by MLS Grid,12155966,N,Y,40.0980806,-88.324141
MLS Listing,,Single Family Residential,809 W Park Ave,Champaign,IL,61820,299900,3,2.5,"Champaign, Savoy",2070,16552,1925,2,145,,Active,September-15-2024 02:00 PM,September-15-2024 04:00 PM,https://www.redfin.com/IL/Champaign/809-W-Park-Ave-61820/home/126511067,MRED as Distributed by MLS Grid,12145649,N,Y,40.1170643,-88.2567647
MLS Listing,,Single Family Residential,2007 Branch Rd,Champaign,IL,61821,244900,3,2,Southwood,1248,6663,1979,2,196,,Active,September-15-2024 01:00 PM,September-15-2024 03:00 PM,https://www.redfin.com/IL/Champaign/2007-Branch-Rd-61821/home/126835638,MRED as Distributed by MLS Grid,12160585,N,Y,40.0867224,-88.2789248
MLS Listing,,Single Family Residential,3503 Royal Oak Ct,Champaign,IL,61822,339900,4,2.5,Minor Lake,2553,,2001,2,133,,Active,September-15-2024 02:00 PM,September-15-2024 04:00 PM,https://www.redfin.com/IL/Champaign/3503-Royal-Oak-Ct-61822/home/126644700,MRED as Distributed by MLS Grid,12161160,N,Y,40.094975,-88.3035329
MLS Listing,,Townhouse,3301 Stoneway Ct,Champaign,IL,61822,279000,3,2.5,Boulder Ridge,1469,,2022,2,190,10,Active,,,https://www.redfin.com/IL/Champaign/3301-Stoneway-Ct-61822/home/127002632,MRED as Distributed by MLS Grid,12161828,N,Y,40.133164,-88.300291
MLS Listing,,Single Family Residential,808 S Prairie St,Champaign,IL,61820,174000,2,2,"Champaign, Savoy",1236,5600,,3,141,,Active,,,https://www.redfin.com/IL/Champaign/808-S-Prairie-St-61820/home/126971593,MRED as Distributed by MLS Grid,12163161,N,Y,40.1061999,-88.248126
MLS Listing,,Single Family Residential,816 W Vine St,Champaign,IL,61820,159000,3,2,"Champaign, Savoy",1360,5800,,3,117,,Active,,,https://www.redfin.com/IL/Champaign/816-W-Vine-St-61820/home/126426606,MRED as Distributed by MLS Grid,12135480,N,Y,40.1223724,-88.2564861
MLS Listing,,Single Family Residential,3103 Stanley Ln,Champaign,IL,61822,330000,3,2.5,"Champaign, Savoy",2126,6525,2015,3,155,,Active,,,https://www.redfin.com/IL/Champaign/3103-Stanley-Ln-61822/home/126819867,MRED as Distributed by MLS Grid,12139294,N,Y,40.1524426,-88.250122
MLS Listing,,Single Family Residential,1007 Maplepark Dr,Champaign,IL,61821,159900,4,1,"Champaign, Savoy",1113,6534,1964,3,144,,Active,September-15-2024 02:00 PM,September-15-2024 04:00 PM,https://www.redfin.com/IL/Champaign/1007-Maplepark-Dr-61821/home/126586511,MRED as Distributed by MLS Grid,12157438,N,Y,40.1054008,-88.2946264
MLS Listing,,Single Family Residential,1409 Manchester Dr,Champaign,IL,61822,309900,3,2,"Champaign, Savoy",1700,8000,1995,3,182,8,Active,September-15-2024 02:00 PM,September-15-2024 04:00 PM,https://www.redfin.com/IL/Champaign/1409-Manchester-Dr-61822/home/127135137,MRED as Distributed by MLS Grid,12150870,N,Y,40.1009765,-88.3138779
MLS Listing,,Single Family Residential,1807 Vale St,Champaign,IL,61822,670000,5,4,Trails Edge,3067,11761,2005,3,218,,Active,,,https://www.redfin.com/IL/Champaign/1807-Vale-St-61822/home/127007426,MRED as Distributed by MLS Grid,12158554,N,Y,40.0930148,-88.3256947
MLS Listing,,Multi-Family (5+ Unit),617 W Springfield Ave,Champaign,IL,61820,350000,5,5,"Champaign, Savoy",,7840,1903,3,,,Active,,,https://www.redfin.com/IL/Champaign/617-W-Springfield-Ave-61820/home/126940273,MRED as Distributed by MLS Grid,12149514,N,Y,40.1124315,-88.25381
MLS Listing,,Condo/Co-op,3921 Summer Sage Ct #1,Champaign,IL,61822,269900,3,3.5,Sawgrass,1868,5040,2006,4,144,13,Active,September-15-2024 02:00 PM,September-15-2024 04:00 PM,https://www.redfin.com/IL/Champaign/3921-Summer-Sage-Ct-61822/unit-1/home/146124937,MRED as Distributed by MLS Grid,12143628,N,Y,40.1268828,-88.3109085
MLS Listing,,Single Family Residential,1815 Southwood Dr,Champaign,IL,61821,89000,3,1,"Champaign, Savoy",,5700,,5,,,Active,,,https://www.redfin.com/IL/Champaign/1815-Southwood-Dr-61821/home/126517546,MRED as Distributed by MLS Grid,12159200,N,Y,40.0948785,-88.2782658
MLS Listing,,Single Family Residential,405 N Lynn St,Champaign,IL,61820,250000,4,2,"Champaign, Savoy",2043,6732,1903,5,122,,Active,,,https://www.redfin.com/IL/Champaign/405-N-Lynn-St-61820/home/126786360,MRED as Distributed by MLS Grid,12147473,N,Y,40.1197341,-88.2520667
MLS Listing,,Single Family Residential,807 W Harvard St,Champaign,IL,61820,89900,2,1,"Champaign, Savoy",652,5750,1948,6,138,,Active,,,https://www.redfin.com/IL/Champaign/807-W-Harvard-St-61820/home/126620518,MRED as Distributed by MLS Grid,12159036,N,Y,40.1237788,-88.2557455
MLS Listing,,Single Family Residential,1404 English Oak Dr,Champaign,IL,61822,995000,6,5.5,Abbey Fields,4965,15245,2008,8,200,33,Active,,,https://www.redfin.com/IL/Champaign/1404-English-Oak-Dr-61822/home/127045042,MRED as Distributed by MLS Grid,12158062,N,Y,40.1018167,-88.3275078
MLS Listing,,Single Family Residential,816 N Prospect Ave,Champaign,IL,61820,89900,3,1,"Champaign, Savoy",884,9120,,9,102,,Active,,,https://www.redfin.com/IL/Champaign/816-N-Prospect-Ave-61820/home/126776097,MRED as Distributed by MLS Grid,12157785,N,Y,40.1243794,-88.2576342
MLS Listing,,Single Family Residential,1801 Cobblefield Ct,Champaign,IL,61822,879900,5,4.5,Lincolnshire Fields,4007,,1993,9,220,4,Active,,,https://www.redfin.com/IL/Champaign/1801-Cobblefield-Ct-61822/home/127046919,MRED as Distributed by MLS Grid,12055998,N,Y,40.0960838,-88.3071302
MLS Listing,,Single Family Residential,510 Doisy Ln,Champaign,IL,61822,199900,2,2,Ashland Park,1200,5227,2006,9,167,12,Active,,,https://www.redfin.com/IL/Champaign/510-Doisy-Ln-61822/home/127111358,MRED as Distributed by MLS Grid,12145321,N,Y,40.1508405,-88.2532942
MLS Listing,,Single Family Residential,505 S Prospect Ave,Champaign,IL,61820,289000,4,2,"Champaign, Savoy",1841,8712,1941,10,157,,Active,,,https://www.redfin.com/IL/Champaign/505-S-Prospect-Ave-61820/home/126940614,MRED as Distributed by MLS Grid,12156598,N,Y,40.1111696,-88.258083
MLS Listing,,Single Family Residential,4906 Westborough Dr,Champaign,IL,61822,650000,5,4.5,"Champaign, Savoy",3053,10873,2006,10,213,,Active,,,https://www.redfin.com/IL/Champaign/4906-Westborough-Dr-61822/home/126738164,MRED as Distributed by MLS Grid,12121884,N,Y,40.0948772,-88.3273716
MLS Listing,,Condo/Co-op,301 N Neil St #603,Champaign,IL,61820,195000,1,1,"Champaign, Savoy",680,,2010,10,287,,Active,,,https://www.redfin.com/IL/Champaign/301-603-N-Neil-St-Unknown/unit-603/home/184777257,MRED as Distributed by MLS Grid,12156160,N,Y,40.1327643,-88.2437377
MLS Listing,,Single Family Residential,1116 Charles St,Champaign,IL,61821,375000,4,2,Chamber of Commerce,1918,15540,1929,11,196,,Active,,,https://www.redfin.com/IL/Champaign/1116-W-Charles-St-61821/home/126727695,MRED as Distributed by MLS Grid,11997053,N,Y,40.1066256,-88.263977
MLS Listing,,Single Family Residential,4006 Lake Point Rd,Champaign,IL,61822,850000,5,5.5,Lake Point,5066,23522,,11,168,,Active,,,https://www.redfin.com/IL/Champaign/4006-Lakepoint-Rd-61822/home/126960594,MRED as Distributed by MLS Grid,12137156,N,Y,40.0903685,-88.31078
MLS Listing,,Single Family Residential,1908 Sangamon Dr,Champaign,IL,61821,232000,4,1,"Champaign, Savoy",1421,10029,1958,11,163,,Active,,,https://www.redfin.com/IL/Champaign/1908-Sangamon-Dr-61821/home/126728184,MRED as Distributed by MLS Grid,12146435,N,Y,40.1025714,-88.2791917
MLS Listing,,Ranch,1808 N Oak St,Urbana,IL,61801,522000,,,Urbana,,454766,,11,,,Active,,,https://www.redfin.com/IL/Urbana/1808-N-Oak-St-61802/home/192356088,MRED as Distributed by MLS Grid,12148197,N,Y,40.131431,-88.23083
MLS Listing,,Ranch,1408 N 5th St,Champaign,IL,61820,918000,,,"Champaign, Savoy",,799761,,11,,,Active,,,https://www.redfin.com/IL/Champaign/1408-N-5th-St-61820/home/192356074,MRED as Distributed by MLS Grid,12146161,N,Y,40.129723,-88.231611
MLS Listing,,Single Family Residential,2303 Valley Brook Dr,Champaign,IL,61822,699999,5,2.5,"Champaign, Savoy",2169,,1977,12,323,,Active,,,https://www.redfin.com/IL/Champaign/2303-Valleybrook-Dr-61822/home/126746158,MRED as Distributed by MLS Grid,12154000,N,Y,40.084541,-88.300692
MLS Listing,,Single Family Residential,2904 Wynstone Dr,Champaign,IL,61822,440000,4,3,Cherry Hills,2713,,2001,14,162,8,Active,,,https://www.redfin.com/IL/Champaign/2904-Wynstone-Dr-61822/home/126707210,MRED as Distributed by MLS Grid,12141236,N,Y,40.0764374,-88.2847837
MLS Listing,,Single Family Residential,2706 Berniece Dr,Champaign,IL,61822,314900,4,3,Rolling Acres,2400,15422,1972,15,131,,Active,,,https://www.redfin.com/IL/Champaign/2706-Berniece-Dr-61822/home/127068332,MRED as Distributed by MLS Grid,12039742,N,Y,40.066409,-88.2914179
MLS Listing,,Condo/Co-op,2127 Harbortown Cir #0,Champaign,IL,61821,190000,3,1.5,"Champaign, Savoy",1475,,1982,16,129,195,Active,,,https://www.redfin.com/IL/Champaign/2127-Harbortown-Cir-61821/home/126650926,MRED as Distributed by MLS Grid,12145045,N,Y,40.0888646,-88.2746529
MLS Listing,,Single Family Residential,2801 Sangamon Dr,Champaign,IL,61821,180000,3,1.5,"Champaign, Savoy",1214,6098,1964,17,148,,Active,September-15-2024 02:00 PM,September-15-2024 04:00 PM,https://www.redfin.com/IL/Champaign/2801-Sangamon-Dr-61821/home/126803564,MRED as Distributed by MLS Grid,12150873,N,Y,40.1019892,-88.2923173
MLS Listing,,Single Family Residential,3006 Meadowbrook Ct,Champaign,IL,61822,360000,5,3.5,Lincolnshire Fields,3447,12196,1970,17,104,,Active,,,https://www.redfin.com/IL/Champaign/3006-Meadowbrook-Ct-61822/home/126746224,MRED as Distributed by MLS Grid,12093317,N,Y,40.0859212,-88.2961416
MLS Listing,,Single Family Residential,1503 English Oak Dr,Champaign,IL,61822,735000,6,5,Trails at Abbey Fields,2894,12196,2010,18,254,33,Active,,,https://www.redfin.com/IL/Champaign/1503-English-Oak-Dr-61822/home/126674912,MRED as Distributed by MLS Grid,12148324,N,Y,40.1002302,-88.3281432
MLS Listing,,Single Family Residential,2309 Sumac Ct,Champaign,IL,61821,224900,3,2,"Champaign, Savoy",1284,8712,1980,20,175,,Active,,,https://www.redfin.com/IL/Champaign/2309-Sumac-Ct-S-61821/home/126999747,MRED as Distributed by MLS Grid,12137854,N,Y,40.0852792,-88.2785445
MLS Listing,,Single Family Residential,403 W Charles St,Champaign,IL,61820,174000,2,1,"Champaign, Savoy",900,9024,1918,23,193,,Active,,,https://www.redfin.com/IL/Champaign/403-W-Charles-St-61820/home/126876400,MRED as Distributed by MLS Grid,12123051,N,Y,40.1056385,-88.2488834
MLS Listing,,Single Family Residential,3103 Timberline Dr,Champaign,IL,61822,249900,3,2,"Champaign, Savoy",1421,,2007,25,176,,Active,,,https://www.redfin.com/IL/Champaign/3103-Timberline-Dr-61822/home/126853868,MRED as Distributed by MLS Grid,12144494,N,Y,40.1280864,-88.2971523
MLS Listing,,Single Family Residential,2022 Cynthia Dr,Champaign,IL,61821,144000,3,1,"Champaign, Savoy",1073,,1958,25,134,,Active,,,https://www.redfin.com/IL/Champaign/2022-Cynthia-Dr-61821/home/126438006,MRED as Distributed by MLS Grid,12135465,N,Y,40.1388472,-88.2746493
MLS Listing,,Single Family Residential,1316 Broadmoor Dr,Champaign,IL,61821,615000,5,4,Old Farm,4015,,1980,26,153,,Active,September-22-2024 02:00 PM,September-22-2024 04:00 PM,https://www.redfin.com/IL/Champaign/1316-Broadmoor-Dr-61821/home/126932969,MRED as Distributed by MLS Grid,12143215,N,Y,40.0944098,-88.2691249
MLS Listing,,Single Family Residential,611 Corey Ln,Champaign,IL,61822,244500,3,2,Ashland Park,1455,5382,2005,26,168,7,Active,September-15-2024 02:00 PM,September-15-2024 04:00 PM,https://www.redfin.com/IL/Champaign/611-Corey-Ln-61822/home/126960868,MRED as Distributed by MLS Grid,12134446,N,Y,40.1510982,-88.2546118
MLS Listing,,Single Family Residential,410 N Edwin St,Champaign,IL,61821,189900,3,1,"Champaign, Savoy",1462,6710,1914,27,130,,Active,,,https://www.redfin.com/IL/Champaign/410-N-Edwin-St-61821/home/126583788,MRED as Distributed by MLS Grid,12129921,N,Y,40.1201044,-88.2659539
MLS Listing,,Single Family Residential,1901 Branch Rd,Champaign,IL,61821,298000,3,2,"Champaign, Savoy",1937,9785,1981,27,154,,Active,,,https://www.redfin.com/IL/Champaign/1901-Branch-Rd-61821/home/126888694,MRED as Distributed by MLS Grid,12142250,N,Y,40.0867148,-88.2767005
MLS Listing,,Single Family Residential,615 Bardeen Ln,Champaign,IL,61822,259900,4,3,"Champaign, Savoy",1604,5391,2005,29,162,7,Active,,,https://www.redfin.com/IL/Champaign/615-Bardeen-Ln-61822/home/126892386,MRED as Distributed by MLS Grid,12117398,N,Y,40.1518501,-88.2549961
MLS Listing,,Multi-Family (2-4 Unit),3311-3313 Boulder Ridge Dr,Champaign,IL,61822,450000,6,5,"Champaign, Savoy",,5280,2021,30,,,Active,,,https://www.redfin.com/IL/Champaign/3311-Boulder-Ridge-Dr-61822/home/127042900,MRED as Distributed by MLS Grid,12140326,N,Y,40.133591,-88.3007669
MLS Listing,,Multi-Family (2-4 Unit),3319-3321 Boulder Ridge Dr,Champaign,IL,61822,450000,6,5,"Champaign, Savoy",,18480,2021,30,,,Active,,,https://www.redfin.com/IL/Champaign/3319-Boulder-Ridge-Dr-61822/home/127187056,MRED as Distributed by MLS Grid,12140432,N,Y,40.1332097,-88.3011931
MLS Listing,,Multi-Family (2-4 Unit),3307-3309 Boulder Ridge Dr,Champaign,IL,61822,450000,6,5,"Champaign, Savoy",,18480,2021,30,,,Active,,,https://www.redfin.com/IL/Champaign/3307-Boulder-Ridge-Dr-61822/home/127002622,MRED as Distributed by MLS Grid,12140206,N,Y,40.13385,-88.3006769
MLS Listing,,Multi-Family (2-4 Unit),3315-3317 Boulder Ridge Dr,Champaign,IL,61822,450000,9,5,"Champaign, Savoy",,18480,2021,30,,,Active,,,https://www.redfin.com/IL/Champaign/3315-Boulder-Ridge-Dr-61822/home/127192570,MRED as Distributed by MLS Grid,12140397,N,Y,40.1333569,-88.300944
MLS Listing,,Single Family Residential,1116 Joanne Ln,Champaign,IL,61821,114900,4,1,"Champaign, Savoy",1348,7524,1957,33,85,,Active,,,https://www.redfin.com/IL/Champaign/1116-Joanne-Ln-61821/home/127137422,MRED as Distributed by MLS Grid,12050050,N,Y,40.1310825,-88.2648953
MLS Listing,,Single Family Residential,5115 Jacks Blvd,Champaign,IL,61822,559900,5,3.5,Wills Trace,2303,8712,2008,33,243,25,Active,,,https://www.redfin.com/IL/Champaign/5115-Jacks-Blvd-61822/home/127037633,MRED as Distributed by MLS Grid,12130868,N,Y,40.0900288,-88.3316367
MLS Listing,,Single Family Residential,1402 N Mattis Ave,Champaign,IL,61821,119900,3,1,"Champaign, Savoy",1260,7700,1960,34,95,,Active,,,https://www.redfin.com/IL/Champaign/1402-N-Mattis-Ave-61821/home/127008818,MRED as Distributed by MLS Grid,12132041,N,Y,40.1300297,-88.2767181
MLS Listing,,Single Family Residential,1109 S Prairie St,Champaign,IL,61820,155000,2,2,Swigart & Dillman,972,4356,1923,34,159,,Active,,,https://www.redfin.com/IL/Champaign/1109-S-Prairie-St-61820/home/126644109,MRED as Distributed by MLS Grid,12128057,N,Y,40.1034478,-88.2486232
MLS Listing,,Single Family Residential,1003 Page Dr,Champaign,IL,61821,400000,3,2.5,"Champaign, Savoy",2364,13200,1973,34,169,,Active,,,https://www.redfin.com/IL/Champaign/1003-Page-Dr-61821/home/126701778,MRED as Distributed by MLS Grid,12109486,N,Y,40.0848897,-88.2591031
MLS Listing,,Vacant Land,1314 S Duncan Rd,Champaign,IL,61821,26000,,,"Champaign, Savoy",,6500,,34,,,Active,,,https://www.redfin.com/IL/Champaign/1314-S-Duncan-Rd-61821/home/127011500,MRED as Distributed by MLS Grid,12135909,N,Y,40.1007442,-88.2949973
MLS Listing,,Single Family Residential,621 W Clark St,Champaign,IL,61820,420000,4,2,"Champaign, Savoy",3114,8026,1873,35,135,,Active,,,https://www.redfin.com/IL/Champaign/621-W-Clark-St-61820/home/126989453,MRED as Distributed by MLS Grid,12130491,N,Y,40.1150633,-88.2540238
MLS Listing,,Single Family Residential,610 Goldenview Dr,Champaign,IL,61821,163900,3,1,Weller's Ridgewood,958,6534,1973,35,171,,Active,,,https://www.redfin.com/IL/Champaign/610-Goldenview-Dr-61821/home/127161372,MRED as Distributed by MLS Grid,12124211,N,Y,40.1102039,-88.3017563
MLS Listing,,Single Family Residential,2411 Prairieridge Pl,Champaign,IL,61822,549000,3,2.5,Robeson West,4574,14810,2001,36,120,95,Active,,,https://www.redfin.com/IL/Champaign/2411-Prairieridge-Pl-61822/home/126807866,MRED as Distributed by MLS Grid,12132545,N,Y,40.0829916,-88.298944
MLS Listing,,Single Family Residential,1112 Lincolnshire Dr,Champaign,IL,61821,349000,4,3,"Champaign, Savoy",1833,,1958,37,190,,Active,,,https://www.redfin.com/IL/Champaign/1112-Lincolnshire-Dr-61821/home/186787527,MRED as Distributed by MLS Grid,12113758,N,Y,40.0975468,-88.2645604
MLS Listing,,Single Family Residential,814 W Clark St,Champaign,IL,61820,189900,3,1,"Champaign, Savoy",1326,4791,1928,38,143,,Active,,,https://www.redfin.com/IL/Champaign/814-W-Clark-St-61820/home/126836167,MRED as Distributed by MLS Grid,12133833,N,Y,40.1155064,-88.2574075
MLS Listing,,Single Family Residential,1915 Lynwood Dr,Champaign,IL,61821,259900,4,2,"Champaign, Savoy",2090,11325,1956,38,124,,Active,,,https://www.redfin.com/IL/Champaign/1915-Lynwood-Dr-61821/home/126731663,MRED as Distributed by MLS Grid,12081630,N,Y,40.0910303,-88.2601809
MLS Listing,,Condo/Co-op,2606 Natalie Dr #2606,Champaign,IL,61822,179900,3,2,"Champaign, Savoy",1351,,1989,38,133,131,Active,,,https://www.redfin.com/IL/Champaign/2606-Natalie-Dr-61822/unit-2606/home/191978970,MRED as Distributed by MLS Grid,12133389,N,Y,40.1199292,-88.2882419
MLS Listing,,Vacant Land,3510 S Duncan Rd,Champaign,IL,61822,886010,,,"Champaign, Savoy",,147668,,41,,,Active,,,https://www.redfin.com/IL/Champaign/3510-S-Duncan-Rd-61822/home/127054982,MRED as Distributed by MLS Grid,12129739,N,Y,40.070058,-88.294135
MLS Listing,,Single Family Residential,1409 Sand Dollar Dr,Champaign,IL,61822,359900,4,3.5,"Champaign, Savoy",1585,3800,2024,44,227,10,Active,,,https://www.redfin.com/IL/Champaign/1409-Sand-Dollar-Dr-61822/home/127016393,MRED as Distributed by MLS Grid,12117850,N,Y,40.1303933,-88.3081589
MLS Listing,,Single Family Residential,1413 Sand Dollar Dr,Champaign,IL,61822,359900,4,3.5,"Champaign, Savoy",1585,,2024,44,227,10,Active,,,https://www.redfin.com/IL/Champaign/1413-Sand-Dollar-Dr-61822/home/126470553,MRED as Distributed by MLS Grid,12117888,N,Y,40.130474,-88.308158
MLS Listing,,Single Family Residential,1407 Sand Dollar Dr,Champaign,IL,61822,359900,4,3.5,"Champaign, Savoy",1585,3800,2024,44,227,10,Active,,,https://www.redfin.com/IL/Champaign/1407-Sand-Dollar-Dr-61822/home/127044252,MRED as Distributed by MLS Grid,12117877,N,Y,40.130297,-88.308161
MLS Listing,,Vacant Land,3108 S Duncan Rd,Champaign,IL,61822,770140,,,"Champaign, Savoy",,192535,,44,,,Active,,,https://www.redfin.com/IL/Champaign/3108-S-Duncan-Rd-61822/home/127116063,MRED as Distributed by MLS Grid,12127262,N,Y,40.0747373,-88.294534
MLS Listing,,Single Family Residential,1119 Centennial Dr,Champaign,IL,61821,169900,3,1,"Champaign, Savoy",1012,6500,1963,45,168,,Active,,,https://www.redfin.com/IL/Champaign/1119-Centennial-Dr-61821/home/126762210,MRED as Distributed by MLS Grid,12107888,N,Y,40.1028037,-88.2910698
MLS Listing,,Single Family Residential,1223 Foothill Dr,Champaign,IL,61821,328900,4,2.5,Lincolnshire,2030,,1960,45,162,,Active,,,https://www.redfin.com/IL/Champaign/1223-Foothill-Dr-61821/home/126798564,MRED as Distributed by MLS Grid,12127170,N,Y,40.0963093,-88.2667629
MLS Listing,,Single Family Residential,4210 Brittany Trail Dr,Champaign,IL,61822,709900,4,3.5,Trails at Brittany,3669,,2000,45,193,21,Active,,,https://www.redfin.com/IL/Champaign/4210-Brittany-Trail-Dr-61822/home/126989700,MRED as Distributed by MLS Grid,12127105,N,Y,40.0928705,-88.3166094
MLS Listing,,Single Family Residential,705 S State St,Champaign,IL,61820,229900,4,2,"Champaign, Savoy",1927,10018,1908,46,119,,Active,,,https://www.redfin.com/IL/Champaign/705-S-State-St-61820/home/126643431,MRED as Distributed by MLS Grid,12116402,N,Y,40.1085448,-88.2470703
MLS Listing,,Single Family Residential,1304 W Columbia Ave,Champaign,IL,61821,235000,3,2,"Champaign, Savoy",1326,540,1930,50,177,,Active,,,https://www.redfin.com/IL/Champaign/1304-W-Columbia-Ave-61821/home/126991650,MRED as Distributed by MLS Grid,12116791,N,Y,40.1215657,-88.2677134
MLS Listing,,Condo/Co-op,912 Crescent Dr Unit 2-4,Champaign,IL,61821,79900,2,1,"Champaign, Savoy",781,14400,1974,51,102,150,Active,,,https://www.redfin.com/IL/Champaign/912-Crescent-Dr-61821/unit-2-4/home/126427752,MRED as Distributed by MLS Grid,12121306,N,Y,40.106712,-88.2808441
MLS Listing,,Single Family Residential,406 W Springfield Ave,Champaign,IL,61820,345000,4,2.5,"Champaign, Savoy",2729,8712,1913,51,126,,Active,,,https://www.redfin.com/IL/Champaign/406-W-Springfield-Ave-61820/home/126702425,MRED as Distributed by MLS Grid,12078018,N,Y,40.112886,-88.2491295
MLS Listing,,Single Family Residential,1505 English Oak Dr,Champaign,IL,61822,659000,5,4.5,Abbey Fields,3055,11951,2015,52,216,33,Active,,,https://www.redfin.com/IL/Champaign/1505-English-Oak-Dr-61822/home/126711704,MRED as Distributed by MLS Grid,12092240,N,Y,40.0999609,-88.328156
MLS Listing,,Ranch,37.75 Acres Off Rising Rd,Champaign,IL,61822,943750,,,"Champaign, Savoy",,1644390,,53,,,Active,,,https://www.redfin.com/IL/Champaign/37-75-S-Rising-Rd-61822/home/191788761,MRED as Distributed by MLS Grid,12108352,N,Y,40.0953056,-88.3331014
MLS Listing,,Multi-Family (2-4 Unit),2131 Peach St,Champaign,IL,61820,325000,4,4,Aryshire,,,1985,54,,,Active,,,https://www.redfin.com/IL/Champaign/2131-Peach-St-61820/home/126903355,MRED as Distributed by MLS Grid,12118150,N,Y,40.0878503,-88.2558146
MLS Listing,,Single Family Residential,4817 Sandcherry Dr,Champaign,IL,61822,619000,4,3.5,Chestnut Grove,2388,11325,2013,59,259,36,Active,,,https://www.redfin.com/IL/Champaign/4817-Sandcherry-Dr-61822/home/126838065,MRED as Distributed by MLS Grid,12090754,N,Y,40.0952574,-88.3282833
MLS Listing,,Single Family Residential,2909 Clayton Blvd,Champaign,IL,61822,225000,3,2,Parkland Ridge,1414,,1979,59,159,,Active,September-15-2024 02:00 PM,September-15-2024 04:00 PM,https://www.redfin.com/IL/Champaign/2909-Clayton-Blvd-61822/home/127130858,MRED as Distributed by MLS Grid,12112791,N,Y,40.1221648,-88.2945923
MLS Listing,,Condo/Co-op,2914 Heritage Dr #2914,Champaign,IL,61822,152500,3,2,"Champaign, Savoy",1088,,1984,59,140,140,Active,,,https://www.redfin.com/IL/Champaign/2914-Heritage-Dr-61822/unit-2914/home/126561052,MRED as Distributed by MLS Grid,12114336,N,Y,40.1249656,-88.2944407
MLS Listing,,Townhouse,2523 Pembrook Pt,Champaign,IL,61821,299900,3,2.5,Ponds of Windsor,1868,,2008,60,161,,Active,,,https://www.redfin.com/IL/Champaign/2523-Pembrook-Pt-61821/home/127190997,MRED as Distributed by MLS Grid,12079474,N,Y,40.0807457,-88.2690709
MLS Listing,,Single Family Residential,1809 Mcdonald Dr,Champaign,IL,61821,247900,4,2.5,Park Terrace,2096,11480,1956,61,118,,Active,,,https://www.redfin.com/IL/Champaign/1809-McDonald-Dr-61821/home/127148536,MRED as Distributed by MLS Grid,12080767,N,Y,40.0932886,-88.2614136
MLS Listing,,Multi-Family (2-4 Unit),407 W Washington St,Champaign,IL,61820,214500,3,2,"Champaign, Savoy",,,1885,63,,,Active,,,https://www.redfin.com/IL/Champaign/407-W-Washington-St-61820/home/127174594,MRED as Distributed by MLS Grid,12099966,N,Y,40.1199533,-88.2494076
MLS Listing,,Single Family Residential,212 E University Ave,Champaign,IL,61820,330000,4,2,"Champaign, Savoy",2682,8712,1893,65,123,,Active,,,https://www.redfin.com/IL/Champaign/212-E-University-Ave-61820/home/127154458,MRED as Distributed by MLS Grid,12108889,N,Y,40.116559,-88.2356626
MLS Listing,,Single Family Residential,513 Luria Ln,Champaign,IL,61822,249900,4,3,"Champaign, Savoy",1973,5175,2007,67,127,6,Active,,,https://www.redfin.com/IL/Champaign/513-Luria-Ln-61822/home/183944108,MRED as Distributed by MLS Grid,12105552,N,Y,40.1541857,-88.253375
MLS Listing,,Single Family Residential,1710 Brighton Ct,Champaign,IL,61822,1775000,6,7.5,"Champaign, Savoy",9254,,2002,69,192,,Active,,,https://www.redfin.com/IL/Champaign/1710-Brighton-Ct-61822/home/126740608,MRED as Distributed by MLS Grid,12101968,N,Y,40.095139,-88.3185533
MLS Listing,,Single Family Residential,1302 N Neil St,Champaign,IL,61820,165000,4,2.5,Garwood,2156,13068,1930,74,77,,Active,,,https://www.redfin.com/IL/Champaign/1302-N-Neil-St-61820/home/126898103,MRED as Distributed by MLS Grid,12093204,N,Y,40.1286778,-88.2432545
MLS Listing,,Single Family Residential,1703 Mayfair Rd,Champaign,IL,61821,339900,4,2.5,"Champaign, Savoy",2689,12416,1965,74,126,,Active,,,https://www.redfin.com/IL/Champaign/1703-Mayfair-Rd-61821/home/127077125,MRED as Distributed by MLS Grid,12093525,N,Y,40.0959584,-88.2702706
MLS Listing,,Single Family Residential,1712 S Prospect Ave,Champaign,IL,61820,199999,4,2,"Champaign, Savoy",2164,10560,1956,80,92,,Active,,,https://www.redfin.com/IL/Champaign/1712-S-Prospect-Ave-61820/home/126602449,MRED as Distributed by MLS Grid,12096525,N,Y,40.0955369,-88.2573067
MLS Listing,,Townhouse,2910 Heathwood Ct #2910,Champaign,IL,61822,299900,3,2.5,"Champaign, Savoy",1910,,1988,81,157,75,Active,,,https://www.redfin.com/IL/Champaign/2910-Heathwood-Ct-61822/unit-2910/home/191396763,MRED as Distributed by MLS Grid,12088013,N,Y,40.0880816,-88.2944894
MLS Listing,,Vacant Land,2501 W Bradley Ave,Champaign,IL,61822,85000,,,"Champaign, Savoy",,20473,,83,,,Active,,,https://www.redfin.com/IL/Champaign/2501-W-Bradley-Ave-61821/home/174504173,MRED as Distributed by MLS Grid,12088982,N,Y,40.1270264,-88.2892782
MLS Listing,,Mobile/Manufactured Home,317 Paul Ave,Champaign,IL,61822,69900,3,2,"Champaign, Savoy",,5490,1966,88,,,Active,,,https://www.redfin.com/IL/Champaign/317-Paul-Ave-61822/home/127048064,MRED as Distributed by MLS Grid,12088205,N,Y,40.1424633,-88.233886
MLS Listing,,Single Family Residential,2509 Hallbeck Dr,Champaign,IL,61822,525000,5,2.5,"Champaign, Savoy",3204,14491,1999,92,164,33,Active,,,https://www.redfin.com/IL/Champaign/2509-Hallbeck-Dr-61822/home/126649133,MRED as Distributed by MLS Grid,12081975,N,Y,40.0758558,-88.2864463
MLS Listing,,Single Family Residential,2205 Noel Dr,Champaign,IL,61821,359900,4,2.5,Devonshire,2431,11761,1973,93,148,,Active,,,https://www.redfin.com/IL/Champaign/2205-Noel-Dr-61821/home/126949150,MRED as Distributed by MLS Grid,12083977,N,Y,40.0865184,-88.2619887
MLS Listing,,Single Family Residential,403 W Green St,Champaign,IL,61820,345000,3,2.5,"Champaign, Savoy",2562,7840,1908,93,135,,Active,,,https://www.redfin.com/IL/Champaign/403-W-Green-St-61820/home/126480610,MRED as Distributed by MLS Grid,12070370,N,Y,40.1099447,-88.2488753
MLS Listing,,Single Family Residential,615 Haines Blvd,Champaign,IL,61820,369000,4,3,Country Club Manor,2000,9736,1946,94,185,,Active,,,https://www.redfin.com/IL/Champaign/615-Haines-Blvd-61820/home/126440134,MRED as Distributed by MLS Grid,12067524,N,Y,40.1042205,-88.2541346
MLS Listing,,Single Family Residential,1809 Mullikin Dr,Champaign,IL,61822,875000,6,4.5,Trails at Brittany,6193,22651,2005,94,141,21,Active,,,https://www.redfin.com/IL/Champaign/1809-Mullikin-Dr-61822/home/126680140,MRED as Distributed by MLS Grid,12064053,N,Y,40.0928379,-88.3230675
MLS Listing,,Vacant Land,1027 W Bloomington Rd,Champaign,IL,61821,365000,,,"Champaign, Savoy",,79714,,100,,,Active,,,https://www.redfin.com/IL/Champaign/1027-W-Bloomington-Rd-61821/home/126726596,MRED as Distributed by MLS Grid,12077110,N,Y,40.1337544,-88.2623245
MLS Listing,,Single Family Residential,3608 Freedom Blvd,Champaign,IL,61822,599900,3,3.5,Liberty on the Lakes,2220,14875,2024,101,270,,Active,,,https://www.redfin.com/IL/Champaign/3608-Freedom-Blvd-61822/home/127038008,MRED as Distributed by MLS Grid,12076370,N,Y,40.068325,-88.271721
MLS Listing,,Vacant Land,3013 W Bradley Ave,Champaign,IL,61822,345000,,,"Champaign, Savoy",,74052,,103,,,Active,,,https://www.redfin.com/IL/Champaign/3013-W-Bradley-Ave-61822/home/127275693,MRED as Distributed by MLS Grid,12073411,N,Y,40.1272956,-88.2970695
MLS Listing,,Single Family Residential,509 W Park Ave,Champaign,IL,61820,479900,4,2,"Champaign, Savoy",2438,9306,1903,106,197,,Active,,,https://www.redfin.com/IL/Champaign/509-W-Park-Ave-61820/home/126962187,MRED as Distributed by MLS Grid,12071271,N,Y,40.1170391,-88.2513722
MLS Listing,,Single Family Residential,2304 Broadmoor Dr,Champaign,IL,61821,269000,4,2,Southwood,2045,8712,1964,107,132,,Active,,,https://www.redfin.com/IL/Champaign/2304-Broadmoor-Dr-61821/home/126948137,MRED as Distributed by MLS Grid,12041774,N,Y,40.0949156,-88.2847571
MLS Listing,,Single Family Residential,4111 Farhills Dr,Champaign,IL,61822,410000,4,3.5,"Champaign, Savoy",2564,,1979,108,160,,Active,,,https://www.redfin.com/IL/Champaign/4111-Farhills-Dr-61822/home/126754799,MRED as Distributed by MLS Grid,12061665,N,Y,40.0856594,-88.3136756
MLS Listing,,Multi-Family (2-4 Unit),508 W Columbia Ave,Champaign,IL,61820,265000,7,4,"Champaign, Savoy",,8712,,116,,,Active,,,https://www.redfin.com/IL/Champaign/508-W-Columbia-Ave-61820/home/126779651,MRED as Distributed by MLS Grid,12056691,N,Y,40.121419,-88.2511188
MLS Listing,,Multi-Family (5+ Unit),412 W Church St,Champaign,IL,61820,425000,3,,"Champaign, Savoy",,8712,1930,116,,,Active,,,https://www.redfin.com/IL/Champaign/412-W-Church-St-61820/home/126840836,MRED as Distributed by MLS Grid,12056748,N,Y,40.118485,-88.2498753
MLS Listing,,Multi-Family (2-4 Unit),311 W Columbia Ave,Champaign,IL,61820,285000,4,3.5,"Champaign, Savoy",,7392,,116,,,Active,,,https://www.redfin.com/IL/Champaign/311-W-Columbia-Ave-61820/home/127057590,MRED as Distributed by MLS Grid,12046808,N,Y,40.1209858,-88.2482119
MLS Listing,,Multi-Family (2-4 Unit),312 W Columbia Ave,Champaign,IL,61820,205000,3,2,"Champaign, Savoy",,8712,,116,,,Active,,,https://www.redfin.com/IL/Champaign/312-W-Columbia-Ave-61820/home/126951270,MRED as Distributed by MLS Grid,12046871,N,Y,40.1213778,-88.2482491
MLS Listing,,Single Family Residential,3208 Valley Brook Dr,Champaign,IL,61822,1299900,5,5.5,Lincolnshire Fields,8026,29620,,123,162,,Active,,,https://www.redfin.com/IL/Champaign/3208-Valleybrook-Dr-61822/home/127088640,MRED as Distributed by MLS Grid,12045334,N,Y,40.0872936,-88.3005544
MLS Listing,,Single Family Residential,512 W Bradley Ave,Champaign,IL,61820,121500,2,1,"Champaign, Savoy",,10092,1948,124,,,Active,,,https://www.redfin.com/IL/Champaign/512-W-Bradley-Ave-61820/home/126559923,MRED as Distributed by MLS Grid,12056361,N,Y,40.1274257,-88.2512309
MLS Listing,,Vacant Land,1304 W Olympian Dr,Champaign,IL,61822,595000,,,"Champaign, Savoy",,348915,,124,,,Active,,,https://www.redfin.com/IL/Champaign/1304-W-Olympian-Dr-61822/home/145068047,MRED as Distributed by MLS Grid,12047190,N,Y,40.158083,-88.268354
MLS Listing,,Condo/Co-op,408 N State St #9,Champaign,IL,61820,122888,1,1,"Champaign, Savoy",629,,1923,129,195,437,Active,,,https://www.redfin.com/IL/Champaign/408-N-State-St-61820/unit-9/home/183942373,MRED as Distributed by MLS Grid,11992517,N,Y,40.1198873,-88.2466283
MLS Listing,,Single Family Residential,503 N Willis Ave,Champaign,IL,61821,259900,4,2,"Champaign, Savoy",1564,9240,1920,130,166,,Active,,,https://www.redfin.com/IL/Champaign/503-N-Willis-Ave-61821/home/126774790,MRED as Distributed by MLS Grid,12036788,N,Y,40.120575,-88.2605478
MLS Listing,,Single Family Residential,704 La Sell Dr,Champaign,IL,61820,449900,4,2,"Champaign, Savoy",2398,11933,1955,132,188,,Active,,,https://www.redfin.com/IL/Champaign/704-La-Sell-Dr-61820/home/127164845,MRED as Distributed by MLS Grid,12048209,N,Y,40.1015604,-88.2542693
MLS Listing,,Single Family Residential,5016 Trey Blvd,Champaign,IL,61822,679900,4,3.5,"Champaign, Savoy",2059,,2024,138,330,,Active,,,https://www.redfin.com/IL/Champaign/5016-Trey-Blvd-61822/home/127085095,MRED as Distributed by MLS Grid,12041915,N,Y,40.099706,-88.331072
MLS Listing,,Single Family Residential,1803 Cobblefield Ct,Champaign,IL,61822,845000,5,4.5,"Champaign, Savoy",4010,24829,2007,144,211,,Active,,,https://www.redfin.com/IL/Champaign/1803-Cobblefield-Ct-61822/home/126838659,MRED as Distributed by MLS Grid,12018924,N,Y,40.0958522,-88.3067943
MLS Listing,,Townhouse,1410 Cobblestone Way #1410,Champaign,IL,61822,265500,3,3,"Champaign, Savoy",1388,4180,2007,146,191,10,Active,,,https://www.redfin.com/IL/Champaign/1410-Cobblestone-Way-61822/unit-1410/home/190565346,MRED as Distributed by MLS Grid,12021235,N,Y,40.1307103,-88.3045336
MLS Listing,,Vacant Land,1501 Wyndemere Point Dr,Champaign,IL,61822,289900,,,"Champaign, Savoy",,43124,,165,,,Active,,,https://www.redfin.com/IL/Champaign/1501-Wyndemere-Point-Dr-61822/home/127190963,MRED as Distributed by MLS Grid,12020114,N,Y,40.100597,-88.3253019
MLS Listing,,Single Family Residential,1208 Waverly Dr,Champaign,IL,61821,1395000,6,4.5,Mayfair,5000,32234,1955,165,279,,Active,,,https://www.redfin.com/IL/Champaign/1208-Waverly-Dr-61821/home/126964739,MRED as Distributed by MLS Grid,11988371,N,Y,40.1025373,-88.2675086
MLS Listing,,Single Family Residential,4529 Nicklaus Dr,Champaign,IL,61822,395000,5,3.5,Legends of Champaign,1894,5174,2017,165,209,,Active,,,https://www.redfin.com/IL/Champaign/4529-Nicklaus-Dr-61822/home/126879622,MRED as Distributed by MLS Grid,12014459,N,Y,40.0757418,-88.3206179
MLS Listing,,Single Family Residential,2401 Branch Rd,Champaign,IL,61822,307000,4,2,"Champaign, Savoy",2100,8712,1975,167,146,,Active,,,https://www.redfin.com/IL/Champaign/2401-Branch-Rd-61822/home/126999576,MRED as Distributed by MLS Grid,12017512,N,Y,40.0867645,-88.285571
MLS Listing,,Single Family Residential,3906 Bay Cir,Champaign,IL,61822,459500,4,3,Liberty on the Lakes,1770,,2023,185,260,,Active,,,https://www.redfin.com/IL/Champaign/3906-Bay-Cir-61822/home/190163434,MRED as Distributed by MLS Grid,12004169,N,Y,40.0638472,-88.2755898
MLS Listing,,Condo/Co-op,301 N Neil St Unit 808-809,Champaign,IL,61820,799000,3,2.5,"Champaign, Savoy",3475,,2005,193,230,749,Active,,,https://www.redfin.com/IL/Champaign/301-N-Neil-St-61820/unit-808-809/home/177289504,MRED as Distributed by MLS Grid,11964198,N,Y,40.1189773,-88.2442721
MLS Listing,,Vacant Land,1601 Rion Dr,Champaign,IL,61822,951060,,,"Champaign, Savoy",,94960,,250,,,Active,,,https://www.redfin.com/IL/Champaign/1601-Rion-Dr-61822/home/189107968,MRED as Distributed by MLS Grid,11957907,N,Y,40.1592376,-88.2702952
MLS Listing,,Vacant Land,1718 Rion Dr,Champaign,IL,61822,1055079,,,"Champaign, Savoy",,117176,,250,,,Active,,,https://www.redfin.com/IL/Champaign/1718-Rion-Dr-61822/home/189107945,MRED as Distributed by MLS Grid,11957887,N,Y,40.1597719,-88.276458
MLS Listing,,Vacant Land,1716 Rion Dr,Champaign,IL,61822,316665,,,"Champaign, Savoy",,40510,,250,,,Active,,,https://www.redfin.com/IL/Champaign/1716-Rion-Dr-61822/home/189107944,MRED as Distributed by MLS Grid,11957871,N,Y,40.1592397,-88.2763652
MLS Listing,,Vacant Land,1712 Rion Dr,Champaign,IL,61822,170457,,,"Champaign, Savoy",,21780,,250,,,Active,,,https://www.redfin.com/IL/Champaign/1712-Rion-Dr-61822/home/189107943,MRED as Distributed by MLS Grid,11957820,N,Y,40.1592336,-88.2763922
MLS Listing,,Vacant Land,1702 Rion Dr,Champaign,IL,61822,195216,,,"Champaign, Savoy",,24829,,250,,,Active,,,https://www.redfin.com/IL/Champaign/1702-Rion-Dr-61822/home/175919194,MRED as Distributed by MLS Grid,11957744,N,Y,40.1592183,-88.2764595
MLS Listing,,Vacant Land,1706 Rion Dr,Champaign,IL,61822,341769,,,"Champaign, Savoy",,43560,,250,,,Active,,,https://www.redfin.com/IL/Champaign/1706-Rion-Dr-61822/home/189107933,MRED as Distributed by MLS Grid,11957783,N,Y,40.1592244,-88.2764326
MLS Listing,,Single Family Residential,1209 W Daniel St,Champaign,IL,61821,234900,3,2,Chamber of Commerce,1595,6969,1938,300,147,,Active,,,https://www.redfin.com/IL/Champaign/1209-W-Daniel-St-61821/home/126960311,MRED as Distributed by MLS Grid,11928492,N,Y,40.1079592,-88.2658696
MLS Listing,,Multi-Family (5+ Unit),1001 Francis Dr,Champaign,IL,61821,6500000,,102,"Champaign, Savoy",60330,130680,1970,426,108,,Active,,,https://www.redfin.com/IL/Champaign/1001-Francis-Dr-61821/home/126961861,MRED as Distributed by MLS Grid,11834165,N,Y,40.1305015,-88.2620303
MLS Listing,,Single Family Residential,4010 Clubhouse Dr,Champaign,IL,61822,600000,3,2.5,Lincolnshire Fields,3480,13503,1974,439,172,8,Active,,,https://www.redfin.com/IL/Champaign/4010-Clubhouse-Dr-61822/home/126918449,MRED as Distributed by MLS Grid,11801129,N,Y,40.087721,-88.3120592
MLS Listing,,Vacant Land,803 N Mattis Ave,Champaign,IL,61821,655000,,,"Champaign, Savoy",,82328,,474,,,Active,,,https://www.redfin.com/IL/Champaign/803-N-Mattis-Ave-61821/home/185561942,MRED as Distributed by MLS Grid,11794857,N,Y,40.12426,-88.277637
MLS Listing,,Vacant Land,1503 Wyndemere Pt,Champaign,IL,61822,295000,,,"Champaign, Savoy",,44431,,594,,,Active,,,https://www.redfin.com/IL/Champaign/1503-Wyndemere-Point-Dr-61822/home/126879559,MRED as Distributed by MLS Grid,11709692,N,Y,40.100117,-88.325307
MLS Listing,,Vacant Land,911 W Marketview Dr,Champaign,IL,61822,290000,,,"Champaign, Savoy",,28749,,835,,,Active,,,https://www.redfin.com/IL/Champaign/911-W-Marketview-Dr-61822/home/143472715,MRED as Distributed by MLS Grid,11324544,N,Y,40.1404505,-88.26066
MLS Listing,,Vacant Land,4401 Nicklaus Dr,Champaign,IL,61821,350658,,,"Champaign, Savoy",,60983,,895,,,Active,,,https://www.redfin.com/IL/Champaign/4401-Nicklaus-Dr-61822/home/126688083,MRED as Distributed by MLS Grid,11361888,N,Y,40.075483,-88.316498
MLS Listing,,Vacant Land,1504 Newton Dr,Champaign,IL,61822,226403,,,"Champaign, Savoy",,90604,,1159,,,Active,,,https://www.redfin.com/IL/Champaign/1504-Newton-Dr-61822/home/174644785,MRED as Distributed by MLS Grid,11013780,N,Y,40.1531851,-88.2703309
MLS Listing,,Vacant Land,51 E Springfield Ave,Champaign,IL,61820,2728000,,,"Champaign, Savoy",,43560,,2369,,,Active,,,https://www.redfin.com/IL/Champaign/51-E-Springfield-Ave-61820/home/145199071,MRED as Distributed by MLS Grid,9892261,N,Y,40.1125282,-88.2350213
